id;description;comments;schedule
1;Soft Cotton Centers;AGP Via Industrial;2021-08-31
2;Refined Frozen Table;Checking Account invoice envisioneer;2021-09-01
3;Virginia;content;2021-09-01
4;Kids Belarussian Ruble calculating;value-added;2021-09-01
5;French Guiana Run Oklahoma;Mouse;2021-09-01
6;sky blue attitude Automotive;Avon overriding;2021-09-01
7;grow Metal Marketing;Savings Account;2021-08-31
8;24/365 Taka Berkshire;Garden Investor;2021-08-31
9;Officer;Kuwait reintermediate indexing;2021-09-01
10;RAM Berkshire;De-engineered;2021-09-01
